﻿<?xml version="1.0" encoding="utf-8"?>
<project xmlns="http://www.plcopen.org/xml/tc6_0200">
  <fileHeader companyName="" productName="CODESYS" productVersion="CODESYS V3.5 SP16 Patch 1" creationDateTime="2022-10-04T11:36:41.0728712" />
  <contentHeader name="CoDeSys Library Template Interfaces" version="3.5.16.0" modificationDateTime="2022-06-29T07:24:40.0702945" organization="3S - Smart Software Solutions GmbH" author="3S - Smart Software Solutions GmbH">
    <Comment>A interface library project template with all possible element types, docu and a sample project structure</Comment>
    <coordinateInfo>
      <fbd>
        <scaling x="1" y="1" />
      </fbd>
      <ld>
        <scaling x="1" y="1" />
      </ld>
      <sfc>
        <scaling x="1" y="1" />
      </sfc>
    </coordinateInfo>
    <addData>
      <data name="http://www.3s-software.com/plcopenxml/projectinformation" handleUnknown="implementation">
        <ProjectInformation>
          <property name="Author" type="string">3S - Smart Software Solutions GmbH</property>
          <property name="Company" type="string">3S - Smart Software Solutions GmbH</property>
          <property name="CompiledLibraryCompatibilityVersion" type="string">CODESYS V3.5 SP16</property>
          <property name="DefaultNamespace" type="string">TMP</property>
          <property name="Description" type="string">A interface library project template with all possible element types, docu and a sample project structure</property>
          <property name="DocFormat" type="string">reStructuredText</property>
          <property name="IsInterfaceLibrary" type="boolean">true</property>
          <property name="LanguageModelAttribute" type="string">qualified-access-only</property>
          <property name="Project" type="string">OopMotionControlLibrary</property>
          <property name="Released" type="boolean">false</property>
          <property name="SourceLibrary" type="boolean">false</property>
          <property name="Title" type="string">CoDeSys Library Template Interfaces</property>
          <property name="Version" type="version">3.5.16.0</property>
          <property name="library-category-list" type="library-category-list" />
        </ProjectInformation>
      </data>
    </addData>
  </contentHeader>
  <types>
    <dataTypes>
      <dataType name="AXIS_DIRECTION">
        <baseType>
          <enum>
            <values>
              <value name="DirectionPositive" value="0" />
              <value name="DirectionNegative" value="1" />
            </values>
          </enum>
        </baseType>
        <addData>
          <data name="http://www.3s-software.com/plcopenxml/attributes" handleUnknown="implementation">
            <Attributes>
              <Attribute Name="qualified_only" Value="" />
              <Attribute Name="strict" Value="" />
            </Attributes>
          </data>
          <data name="http://www.3s-software.com/plcopenxml/objectid" handleUnknown="discard">
            <ObjectId>1651d020-cb9b-412f-bbbc-1fc04036f18d</ObjectId>
          </data>
        </addData>
      </dataType>
      <dataType name="AXIS_STATUS">
        <baseType>
          <enum>
            <values>
              <value name="ErrorStop" value="0" />
              <value name="Disabled" value="1" />
              <value name="Stopping" value="2" />
              <value name="Homing" value="3" />
              <value name="Standstill" value="4" />
              <value name="DiscreteMotion" value="5" />
              <value name="ContinuousMotion" value="6" />
              <value name="SynchronizedMotion" value="7" />
            </values>
          </enum>
        </baseType>
        <addData>
          <data name="http://www.3s-software.com/plcopenxml/attributes" handleUnknown="implementation">
            <Attributes>
              <Attribute Name="qualified_only" Value="" />
              <Attribute Name="strict" Value="" />
            </Attributes>
          </data>
          <data name="http://www.3s-software.com/plcopenxml/objectid" handleUnknown="discard">
            <ObjectId>49fa1d5e-a2a4-4ae7-aa5b-b6affe5a3b60</ObjectId>
          </data>
        </addData>
      </dataType>
      <dataType name="MC_BUFFER_MODE">
        <baseType>
          <enum>
            <values>
              <value name="mcAborting" value="0" />
              <value name="mcBuffered" value="1" />
              <value name="mcBlendingLow" value="2" />
              <value name="mcBlendingPrevious" value="3" />
              <value name="mcBlendingNext" value="4" />
              <value name="mcBlendingHigh" value="5" />
            </values>
          </enum>
        </baseType>
        <addData>
          <data name="http://www.3s-software.com/plcopenxml/attributes" handleUnknown="implementation">
            <Attributes>
              <Attribute Name="qualified_only" Value="" />
              <Attribute Name="strict" Value="" />
            </Attributes>
          </data>
          <data name="http://www.3s-software.com/plcopenxml/objectid" handleUnknown="discard">
            <ObjectId>3ed947d8-b908-4b41-a79d-f94b16833959</ObjectId>
          </data>
        </addData>
      </dataType>
      <dataType name="MC_COMBINE_MODE">
        <baseType>
          <enum>
            <values>
              <value name="enum_member" value="0" />
            </values>
          </enum>
        </baseType>
        <addData>
          <data name="http://www.3s-software.com/plcopenxml/attributes" handleUnknown="implementation">
            <Attributes>
              <Attribute Name="qualified_only" Value="" />
              <Attribute Name="strict" Value="" />
            </Attributes>
          </data>
          <data name="http://www.3s-software.com/plcopenxml/objectid" handleUnknown="discard">
            <ObjectId>5b848e59-e6d7-42ab-a8a4-c6de805ca85e</ObjectId>
          </data>
        </addData>
      </dataType>
      <dataType name="MC_Direction">
        <baseType>
          <enum>
            <values>
              <value name="mcPositiveDirection" value="0" />
              <value name="mcShortestWay" value="1" />
              <value name="mcNegativeDirection" value="2" />
              <value name="mcCurrentDirection" value="3" />
            </values>
          </enum>
        </baseType>
        <addData>
          <data name="http://www.3s-software.com/plcopenxml/attributes" handleUnknown="implementation">
            <Attributes>
              <Attribute Name="qualified_only" Value="" />
              <Attribute Name="strict" Value="" />
            </Attributes>
          </data>
          <data name="http://www.3s-software.com/plcopenxml/objectid" handleUnknown="discard">
            <ObjectId>061b8da4-d606-4aed-8a16-82b8c0a1b63a</ObjectId>
          </data>
        </addData>
      </dataType>
      <dataType name="MC_Error">
        <baseType>
          <enum>
            <values>
              <value name="NO_ERROR" />
              <value name="TIME_OUT" />
            </values>
          </enum>
        </baseType>
        <addData>
          <data name="http://www.3s-software.com/plcopenxml/attributes" handleUnknown="implementation">
            <Attributes>
              <Attribute Name="qualified_only" Value="" />
            </Attributes>
          </data>
          <data name="http://www.3s-software.com/plcopenxml/objectid" handleUnknown="discard">
            <ObjectId>f13851e4-c15c-4448-a3cc-5ae43fe11b73</ObjectId>
          </data>
        </addData>
        <documentation>
          <xhtml xmlns="http://www.w3.org/1999/xhtml">{attribute 'conditionalshow' := 'SomeText'}
{attribute 'conditionalshow'}
{attribute 'hide'}</xhtml>
        </documentation>
      </dataType>
      <dataType name="MC_ExecutionMode">
        <baseType>
          <enum>
            <values>
              <value name="mcImmediatly" value="0" />
              <value name="mcQueue" value="1" />
            </values>
          </enum>
        </baseType>
        <addData>
          <data name="http://www.3s-software.com/plcopenxml/attributes" handleUnknown="implementation">
            <Attributes>
              <Attribute Name="qualified_only" Value="" />
              <Attribute Name="strict" Value="" />
            </Attributes>
          </data>
          <data name="http://www.3s-software.com/plcopenxml/objectid" handleUnknown="discard">
            <ObjectId>1a4da23f-a449-494b-9033-d06fa4cc943a</ObjectId>
          </data>
        </addData>
      </dataType>
      <dataType name="MC_Source">
        <baseType>
          <enum>
            <values>
              <value name="mcSetValue" value="0" />
              <value name="mcActualValue" value="1" />
            </values>
          </enum>
        </baseType>
        <addData>
          <data name="http://www.3s-software.com/plcopenxml/attributes" handleUnknown="implementation">
            <Attributes>
              <Attribute Name="qualified_only" Value="" />
              <Attribute Name="strict" Value="" />
            </Attributes>
          </data>
          <data name="http://www.3s-software.com/plcopenxml/objectid" handleUnknown="discard">
            <ObjectId>329c17af-c296-4e90-8a40-ad0b5c103629</ObjectId>
          </data>
        </addData>
      </dataType>
      <dataType name="MC_StartMode">
        <baseType>
          <enum>
            <values>
              <value name="mcAbsolute" value="0" />
              <value name="mcRelative" value="1" />
              <value name="mcRampIn" value="2" />
            </values>
          </enum>
        </baseType>
        <addData>
          <data name="http://www.3s-software.com/plcopenxml/attributes" handleUnknown="implementation">
            <Attributes>
              <Attribute Name="qualified_only" Value="" />
              <Attribute Name="strict" Value="" />
            </Attributes>
          </data>
          <data name="http://www.3s-software.com/plcopenxml/objectid" handleUnknown="discard">
            <ObjectId>ed149f0d-703b-4c9e-a97b-29c6ab639eb6</ObjectId>
          </data>
        </addData>
      </dataType>
      <dataType name="MC_SYNC_MODE">
        <baseType>
          <enum>
            <values>
              <value name="enum_member" value="0" />
            </values>
          </enum>
        </baseType>
        <addData>
          <data name="http://www.3s-software.com/plcopenxml/attributes" handleUnknown="implementation">
            <Attributes>
              <Attribute Name="qualified_only" Value="" />
              <Attribute Name="strict" Value="" />
            </Attributes>
          </data>
          <data name="http://www.3s-software.com/plcopenxml/objectid" handleUnknown="discard">
            <ObjectId>7437c518-137b-4a8f-9065-0ed0d228dcb8</ObjectId>
          </data>
        </addData>
      </dataType>
      <dataType name="MOTION_STATUS">
        <baseType>
          <enum>
            <values>
              <value name="ConstantVelocity" value="0" />
              <value name="Accelerating" value="1" />
              <value name="Decelerating" value="2" />
            </values>
          </enum>
        </baseType>
        <addData>
          <data name="http://www.3s-software.com/plcopenxml/attributes" handleUnknown="implementation">
            <Attributes>
              <Attribute Name="qualified_only" Value="" />
              <Attribute Name="strict" Value="" />
            </Attributes>
          </data>
          <data name="http://www.3s-software.com/plcopenxml/objectid" handleUnknown="discard">
            <ObjectId>d0691f08-49ad-48b3-80f9-43631fa4594b</ObjectId>
          </data>
        </addData>
      </dataType>
      <dataType name="MC_CAM_REF">
        <baseType>
          <struct />
        </baseType>
        <addData>
          <data name="http://www.3s-software.com/plcopenxml/objectid" handleUnknown="discard">
            <ObjectId>be0dc9a0-5c05-4434-bb8d-dbd68e448de4</ObjectId>
          </data>
        </addData>
      </dataType>
      <dataType name="MC_COMMAND_REF">
        <baseType>
          <struct>
            <variable name="CommandId">
              <type>
                <INT />
              </type>
            </variable>
          </struct>
        </baseType>
        <addData>
          <data name="http://www.3s-software.com/plcopenxml/objectid" handleUnknown="discard">
            <ObjectId>e9f505d9-c431-4cec-bc71-df5ca88a0cc0</ObjectId>
          </data>
        </addData>
      </dataType>
    </dataTypes>
    <pous>
      <pou name="CamGearExample" pouType="program">
        <interface>
          <localVars>
            <variable name="MasterDrive">
              <type>
                <derived name="Axis" />
              </type>
              <documentation>
                <xhtml xmlns="http://www.w3.org/1999/xhtml"> Hardware definitions</xhtml>
              </documentation>
            </variable>
            <variable name="CamDrive">
              <type>
                <derived name="Axis" />
              </type>
            </variable>
            <variable name="GearDrive">
              <type>
                <derived name="Axis" />
              </type>
            </variable>
            <variable name="Table">
              <type>
                <derived name="CamTable" />
              </type>
            </variable>
            <variable name="TableData">
              <type>
                <derived name="MC_CAM_REF" />
              </type>
            </variable>
            <variable name="Velocity">
              <type>
                <REAL />
              </type>
              <initialValue>
                <simpleValue value="5" />
              </initialValue>
            </variable>
            <variable name="MasterState">
              <type>
                <INT />
              </type>
              <initialValue>
                <simpleValue value="0" />
              </initialValue>
              <documentation>
                <xhtml xmlns="http://www.w3.org/1999/xhtml"> States</xhtml>
              </documentation>
            </variable>
            <variable name="CamState">
              <type>
                <INT />
              </type>
              <initialValue>
                <simpleValue value="0" />
              </initialValue>
            </variable>
            <variable name="GearState">
              <type>
                <INT />
              </type>
              <initialValue>
                <simpleValue value="0" />
              </initialValue>
            </variable>
            <variable name="Start">
              <type>
                <BOOL />
              </type>
              <initialValue>
                <simpleValue value="FALSE" />
              </initialValue>
              <documentation>
                <xhtml xmlns="http://www.w3.org/1999/xhtml"> Control</xhtml>
              </documentation>
            </variable>
            <variable name="MasterMove">
              <type>
                <derived name="itfCommand" />
              </type>
              <documentation>
                <xhtml xmlns="http://www.w3.org/1999/xhtml"> Commands</xhtml>
              </documentation>
            </variable>
            <variable name="TableSet">
              <type>
                <derived name="itfCommand" />
              </type>
            </variable>
            <variable name="CamMove">
              <type>
                <derived name="itfSynchronizedAxisCommand" />
              </type>
            </variable>
            <variable name="GearMove">
              <type>
                <derived name="itfSynchronizedAxisCommand" />
              </type>
            </variable>
          </localVars>
        </interface>
        <body>
          <ST>
            <xhtml xmlns="http://www.w3.org/1999/xhtml">CASE MasterState OF
	0: // Disabled
		IF Start THEN
			MasterState := MasterState + 1;
		END_IF
		
	1: // Power On
		MasterDrive.Power(Enable:=TRUE, EnablePositive:=TRUE, EnableNegative:=TRUE);
		IF MasterDrive.Status = AXIS_STATUS.Standstill THEN
			MasterState := MasterState + 1;
		END_IF
		
	2: // Wait for other drives 
		IF CamMove.InSync AND GearMove.InSync THEN
			MasterMove := MasterDrive.MoveVelocity(Velocity:=Velocity, Acceleration:=0, Deceleration:=0, Jerk:=0, Direction:=MC_Direction.mcPositiveDirection, BufferMode:=MC_BUFFER_MODE.mcAborting);
			MasterState := MasterState + 1;
		END_IF
		
	3: // Moving
		IF NOT Start THEN
			MasterMove:= MasterDrive.Halt(Deceleration:=0, Jerk:=0, BufferMode:=MC_BUFFER_MODE.mcAborting);
			MasterState := MasterState + 1;
		END_IF
		
	4: // Stopping
		IF NOT MasterMove.Done THEN
			MasterState := MasterState + 1;
		END_IF
		
	5: // Power off
		MasterDrive.Power(Enable:=FALSE, EnablePositive:=FALSE, EnableNegative:=FALSE);
		IF MasterDrive.Status = AXIS_STATUS.Disabled THEN
			MasterState := 0;
		END_IF
END_CASE

CASE CamState OF
	0: // Disabled
		IF Start THEN
			CamState := CamState + 1;
		END_IF
		
	1: // Power On
		CamDrive.Power(Enable:=TRUE, EnablePositive:=TRUE, EnableNegative:=TRUE);
		IF CamDrive.Status = AXIS_STATUS.Standstill AND MasterDrive.Status = AXIS_STATUS.Standstill THEN
			TableSet := Table.Select(CamTable:=TableData, Periodic:=TRUE, MasterAbsolute:=TRUE, SlaveAbsolute:=TRUE);
			CamState := CamState + 1;
		END_IF
		
	2: // Set CAM Table
		IF TableSet.Done THEN
			CamMove := CamDrive.CamIn(Master:=MasterDrive, MasterOffset:=0, SlaveOffset:=0, MasterScaling:=1, SlaveScaling:=1, MasterStartDistance:=0, MasterSyncPosition:=0, 
				StartMode:=MC_StartMode.mcRelative, MasterValueSource:=MC_Source.mcSetValue,CamTable:=Table, BufferMode:=MC_BUFFER_MODE.mcAborting);
			CamState := CamState + 1;
		END_IF
		
	3: // Synchronized
		IF NOT Start THEN
			CamDrive.Release();
			CamState := CamState + 1;
		END_IF
		
	4: // Power off
		CamDrive.Power(Enable:=FALSE, EnablePositive:=FALSE, EnableNegative:=FALSE);
		IF CamDrive.Status = AXIS_STATUS.Disabled THEN
			CamState := 0;
		END_IF
END_CASE

CASE GearState OF
	0: // Disabled
		IF Start THEN
			GearState := GearState + 1;
		END_IF
		
	1: // Power On
		GearDrive.Power(Enable:=TRUE, EnablePositive:=TRUE, EnableNegative:=TRUE);
		IF GearDrive.Status = AXIS_STATUS.Standstill AND MasterDrive.Status = AXIS_STATUS.Standstill THEN
			GearMove := GearDrive.GearIn(Master:=MasterDrive, Ratio:=2, MasterValueSource:=MC_Source.mcSetValue,Acceleration:=0, Deceleration:=0, Jerk:=0, BufferMode:=MC_BUFFER_MODE.mcAborting);
			GearState := GearState + 1;
		END_IF
		
	2: // Synchronized
		IF NOT Start THEN
			GearDrive.Release();
			GearState := GearState + 1;
		END_IF
		
	3: // Power off
		GearDrive.Power(Enable:=FALSE, EnablePositive:=FALSE, EnableNegative:=FALSE);
		IF GearDrive.Status = AXIS_STATUS.Disabled THEN
			GearState := 0;
		END_IF
END_CASE
</xhtml>
          </ST>
        </body>
        <addData>
          <data name="http://www.3s-software.com/plcopenxml/objectid" handleUnknown="discard">
            <ObjectId>2e088407-9003-4488-adbd-6894b7c9d96d</ObjectId>
          </data>
        </addData>
      </pou>
      <pou name="LabelingExample" pouType="program">
        <interface>
          <localVars>
            <variable name="LabelDrive">
              <type>
                <derived name="Axis" />
              </type>
              <documentation>
                <xhtml xmlns="http://www.w3.org/1999/xhtml"> Hardware definitions</xhtml>
              </documentation>
            </variable>
            <variable name="Conveyor">
              <type>
                <derived name="Axis" />
              </type>
            </variable>
            <variable name="LabelLength">
              <type>
                <REAL />
              </type>
              <initialValue>
                <simpleValue value="100" />
              </initialValue>
            </variable>
            <variable name="SensorDistance">
              <type>
                <REAL />
              </type>
              <initialValue>
                <simpleValue value="10" />
              </initialValue>
            </variable>
            <variable name="Velocity">
              <type>
                <REAL />
              </type>
              <initialValue>
                <simpleValue value="5" />
              </initialValue>
            </variable>
            <variable name="ProductDetection">
              <type>
                <BOOL />
              </type>
              <initialValue>
                <simpleValue value="FALSE" />
              </initialValue>
            </variable>
            <variable name="DelayTimer">
              <type>
                <derived name="TON" />
              </type>
            </variable>
            <variable name="ConveyorState">
              <type>
                <INT />
              </type>
              <initialValue>
                <simpleValue value="0" />
              </initialValue>
              <documentation>
                <xhtml xmlns="http://www.w3.org/1999/xhtml"> States</xhtml>
              </documentation>
            </variable>
            <variable name="LabelDriveState">
              <type>
                <INT />
              </type>
              <initialValue>
                <simpleValue value="0" />
              </initialValue>
            </variable>
            <variable name="Start">
              <type>
                <BOOL />
              </type>
              <initialValue>
                <simpleValue value="FALSE" />
              </initialValue>
              <documentation>
                <xhtml xmlns="http://www.w3.org/1999/xhtml"> Control</xhtml>
              </documentation>
            </variable>
            <variable name="ConveyorMove">
              <type>
                <derived name="itfCommand" />
              </type>
              <documentation>
                <xhtml xmlns="http://www.w3.org/1999/xhtml"> Commands</xhtml>
              </documentation>
            </variable>
            <variable name="LabelDriveMove">
              <type>
                <derived name="itfCommand" />
              </type>
            </variable>
          </localVars>
        </interface>
        <body>
          <ST>
            <xhtml xmlns="http://www.w3.org/1999/xhtml">// Run the timer. As it is a classic FB it should be called every cycle
DelayTimer(IN:=ProductDetection, PT:= INT_TO_TIME(REAL_TO_INT(SensorDistance * 1000 / Velocity)));

CASE ConveyorState OF
	0: // Disabled
		IF Start THEN
			ConveyorState := ConveyorState + 1;
		END_IF
		
	1: // Power On
		Conveyor.Power(Enable:=TRUE, EnablePositive:=TRUE, EnableNegative:=TRUE);
		IF Conveyor.Status = AXIS_STATUS.Standstill THEN
			ConveyorState := ConveyorState + 1;
		END_IF
		
	2: // Wait for LabelDrive 
		IF LabelDrive.Status = AXIS_STATUS.Standstill THEN
			ConveyorMove := Conveyor.MoveVelocity(Velocity:=Velocity, Acceleration:=0, Deceleration:=0, Jerk:=0, Direction:=MC_Direction.mcPositiveDirection, BufferMode:=MC_BUFFER_MODE.mcAborting);
			ConveyorState := ConveyorState + 1;
		END_IF
		
	3: // Moving
		IF NOT Start THEN
			ConveyorMove := Conveyor.Halt(Deceleration:=0, Jerk:=0, BufferMode:=MC_BUFFER_MODE.mcAborting);
			ConveyorState := ConveyorState + 1;
		END_IF
		
	4: // Stopping
		IF ConveyorMove.Done THEN
			ConveyorState := ConveyorState + 1;
		END_IF
		
	5: // Power off
		Conveyor.Power(Enable:=FALSE, EnablePositive:=FALSE, EnableNegative:=FALSE);
		IF Conveyor.Status = AXIS_STATUS.Disabled THEN
			ConveyorState := 0;
		END_IF
END_CASE

CASE LabelDriveState OF
	0: // Disabled
		IF Start THEN
			LabelDriveState := LabelDriveState + 1;
		END_IF
		
	1: // Power On
		LabelDrive.Power(Enable:=TRUE, EnablePositive:=TRUE, EnableNegative:=TRUE);
		IF LabelDrive.Status = AXIS_STATUS.Standstill THEN
			LabelDriveState := LabelDriveState + 1;
		END_IF
		
	2: // Wait for Conveyor 
		IF Conveyor.Status = AXIS_STATUS.Standstill THEN
			LabelDriveState := LabelDriveState + 1;
		END_IF
		
	3: // Wait for product
		IF NOT Start THEN
			LabelDriveState := 5;
		END_IF
		IF DelayTimer.Q THEN
			LabelDriveMove := LabelDrive.MoveRelative(Distance:=LabelLength, Velocity:=Velocity, Acceleration:=0, Deceleration:=0, Jerk:=0, BufferMode:=MC_BUFFER_MODE.mcAborting);
			LabelDriveState := LabelDriveState + 1;
		END_IF
		
	4: // Wait for label to be transfered
		IF LabelDriveMove.Done AND NOT DelayTimer.Q THEN
			LabelDriveState := 3;
		END_IF
		
	5: // Power off
		Conveyor.Power(Enable:=FALSE, EnablePositive:=FALSE, EnableNegative:=FALSE);
		IF Conveyor.Status = AXIS_STATUS.Disabled THEN
			LabelDriveState := 0;
		END_IF
	
END_CASE
</xhtml>
          </ST>
        </body>
        <addData>
          <data name="http://www.3s-software.com/plcopenxml/objectid" handleUnknown="discard">
            <ObjectId>27201e5b-e415-402a-9af7-babb81bde0ad</ObjectId>
          </data>
        </addData>
      </pou>
      <pou name="WarehousingExample" pouType="program">
        <interface>
          <localVars>
            <variable name="Axis_X">
              <type>
                <derived name="itfAxis" />
              </type>
            </variable>
            <variable name="Axis_Y">
              <type>
                <derived name="itfAxis" />
              </type>
            </variable>
            <variable name="Axis_Z">
              <type>
                <derived name="itfAxis" />
              </type>
            </variable>
            <variable name="stateOOP">
              <type>
                <INT />
              </type>
            </variable>
            <variable name="lastCommandX">
              <type>
                <derived name="itfCommand" />
              </type>
            </variable>
            <variable name="lastCommandY">
              <type>
                <derived name="itfCommand" />
              </type>
            </variable>
            <variable name="lastCommandZ">
              <type>
                <derived name="itfCommand" />
              </type>
            </variable>
            <variable name="stepOn">
              <type>
                <BOOL />
              </type>
              <initialValue>
                <simpleValue value="FALSE" />
              </initialValue>
            </variable>
            <variable name="targetPosX">
              <type>
                <REAL />
              </type>
              <initialValue>
                <simpleValue value="400" />
              </initialValue>
            </variable>
            <variable name="targetPosY">
              <type>
                <REAL />
              </type>
              <initialValue>
                <simpleValue value="600" />
              </initialValue>
            </variable>
          </localVars>
        </interface>
        <body>
          <ST>
            <xhtml xmlns="http://www.w3.org/1999/xhtml">CASE stateOOP OF
	0: ;
	10: 
	// init
		Axis_X.Power(Enable:=TRUE, EnablePositive:=TRUE, EnableNegative:=TRUE);
		Axis_Y.Power(Enable:=TRUE, EnablePositive:=TRUE, EnableNegative:=TRUE);
		Axis_Z.Power(Enable:=TRUE, EnablePositive:=TRUE, EnableNegative:=TRUE);
	
		IF stepOn THEN
			stateOOP := stateOOP + 10;
		END_IF
	20:
	// start movement in XY
		lastCommandX := Axis_X.MoveAbsolute(Position:=targetPosX, Velocity:=40, Acceleration:=0, Deceleration:=0, Jerk:=0, Direction:=0, BufferMode:=MC_BUFFER_MODE.mcAborting);
		lastCommandY := Axis_Y.MoveAbsolute(Position:=targetPosY, Velocity:=40, Acceleration:=0, Deceleration:=0, Jerk:=0, Direction:=0, BufferMode:=MC_BUFFER_MODE.mcAborting);
		stateOOP := stateOOP + 10;
	30:
	// wait till movement is finished to 'forkIn'
		IF lastCommandX.Done AND lastCommandY.Done THEN
			lastCommandZ := Axis_Z.MoveRelative(Distance:=100, Velocity:=20, Acceleration:=0, Deceleration:=0, Jerk:=0, BufferMode:=MC_BUFFER_MODE.mcAborting);
			stateOOP := stateOOP + 10;
		END_IF
	40:
	// lift pallet if forked in
		IF lastCommandZ.Done THEN
			lastCommandY := Axis_Y.MoveRelative(Distance:=100, Velocity:=10, Acceleration:=0, Deceleration:=0, Jerk:=0, BufferMode:=MC_BUFFER_MODE.mcAborting);
			stateOOP := stateOOP + 10;
		END_IF
	50:
	// fork out with pallet if forked in is done
		IF lastCommandY.Done THEN
			lastCommandZ := Axis_Z.MoveAbsolute(Position:=0, Velocity:=20, Acceleration:=0, Deceleration:=0, Jerk:=0, Direction:=0, BufferMode:=MC_BUFFER_MODE.mcAborting);
			stateOOP := stateOOP + 10;
		END_IF
	60:
	// move to delivery if fork out is done
		IF lastCommandZ.Done THEN
			lastCommandX := Axis_X.MoveAbsolute(Position:=0, Velocity:=40, Acceleration:=0, Deceleration:=0, Jerk:=0, Direction:=0, BufferMode:=MC_BUFFER_MODE.mcAborting);
			lastCommandY := Axis_Y.MoveAbsolute(Position:=0, Velocity:=40, Acceleration:=0, Deceleration:=0, Jerk:=0, Direction:=0, BufferMode:=MC_BUFFER_MODE.mcAborting);
			stateOOP := stateOOP + 10;
		END_IF
	70:
	// wait till finished
		IF lastCommandX.Done AND lastCommandY.Done THEN
			stateOOP := stateOOP + 10;
		END_IF
	80: 
	// ready
	;
END_CASE</xhtml>
          </ST>
        </body>
        <addData>
          <data name="http://www.3s-software.com/plcopenxml/objectid" handleUnknown="discard">
            <ObjectId>b0cc3f8e-ac5b-44a5-8e6f-4da6b91dde02</ObjectId>
          </data>
        </addData>
      </pou>
    </pous>
  </types>
  <instances>
    <configurations />
  </instances>
  <addData>
    <data name="http://www.3s-software.com/plcopenxml/globalvars" handleUnknown="implementation">
      <globalVars name="Constants">
        <addData>
          <data name="http://www.3s-software.com/plcopenxml/objectid" handleUnknown="discard">
            <ObjectId>61a71296-3b39-4b4c-9e67-cea520fcd5cc</ObjectId>
          </data>
        </addData>
        <documentation>
          <xhtml xmlns="http://www.w3.org/1999/xhtml">{attribute 'conditionalshow' := 'SomeText'}
{attribute 'conditionalshow'}
{attribute 'hide'}</xhtml>
        </documentation>
      </globalVars>
    </data>
    <data name="http://www.3s-software.com/plcopenxml/interface" handleUnknown="implementation">
      <Interface name="itfAxis" ObjectId="f8abe375-1eb3-48c5-97fd-edf70462f36e">
        <Methods>
          <Method name="Halt" ObjectId="4122e86a-a22f-4230-9dad-5cf338a42727">
            <interface>
              <returnType>
                <derived name="itfAxisCommand" />
              </returnType>
              <inputVars>
                <variable name="Deceleration">
                  <type>
                    <REAL />
                  </type>
                </variable>
                <variable name="Jerk">
                  <type>
                    <REAL />
                  </type>
                </variable>
                <variable name="BufferMode">
                  <type>
                    <derived name="MC_BUFFER_MODE" />
                  </type>
                </variable>
              </inputVars>
            </interface>
            <addData />
          </Method>
          <Method name="Home" ObjectId="3e93f580-47f7-4edc-a4f2-810feedab814">
            <interface>
              <returnType>
                <derived name="itfAxisCommand" />
              </returnType>
              <inputVars>
                <variable name="Position">
                  <type>
                    <REAL />
                  </type>
                </variable>
                <variable name="Velocity">
                  <type>
                    <REAL />
                  </type>
                </variable>
                <variable name="EndVelocity">
                  <type>
                    <REAL />
                  </type>
                </variable>
                <variable name="Acceleration">
                  <type>
                    <REAL />
                  </type>
                </variable>
                <variable name="Deceleration">
                  <type>
                    <REAL />
                  </type>
                </variable>
                <variable name="Jerk">
                  <type>
                    <REAL />
                  </type>
                </variable>
                <variable name="Direction">
                  <type>
                    <derived name="MC_Direction" />
                  </type>
                </variable>
                <variable name="HomingMode">
                  <type>
                    <INT />
                  </type>
                </variable>
                <variable name="BufferMode">
                  <type>
                    <derived name="MC_BUFFER_MODE" />
                  </type>
                </variable>
              </inputVars>
            </interface>
            <addData />
          </Method>
          <Method name="MoveAbsolute" ObjectId="b8bd5fb2-2c17-42d4-8485-7926fc8c8249">
            <interface>
              <returnType>
                <derived name="itfAxisCommand" />
              </returnType>
              <inputVars>
                <variable name="Position">
                  <type>
                    <REAL />
                  </type>
                </variable>
                <variable name="Velocity">
                  <type>
                    <REAL />
                  </type>
                </variable>
                <variable name="Acceleration">
                  <type>
                    <REAL />
                  </type>
                </variable>
                <variable name="Deceleration">
                  <type>
                    <REAL />
                  </type>
                </variable>
                <variable name="Jerk">
                  <type>
                    <REAL />
                  </type>
                </variable>
                <variable name="Direction">
                  <type>
                    <derived name="MC_Direction" />
                  </type>
                </variable>
                <variable name="BufferMode">
                  <type>
                    <derived name="MC_BUFFER_MODE" />
                  </type>
                </variable>
              </inputVars>
            </interface>
            <addData />
          </Method>
          <Method name="MoveSuperimposed" ObjectId="09ec12cb-2f0c-48aa-b4b5-a9eb957066b9">
            <interface>
              <returnType>
                <derived name="itfAxisCommand" />
              </returnType>
              <inputVars>
                <variable name="Distance">
                  <type>
                    <REAL />
                  </type>
                </variable>
                <variable name="VelocityDiff">
                  <type>
                    <REAL />
                  </type>
                </variable>
                <variable name="Acceleration">
                  <type>
                    <REAL />
                  </type>
                </variable>
                <variable name="Deceleration">
                  <type>
                    <REAL />
                  </type>
                </variable>
                <variable name="Jerk">
                  <type>
                    <REAL />
                  </type>
                </variable>
              </inputVars>
            </interface>
            <addData />
          </Method>
          <Method name="MoveRelative" ObjectId="d2db81da-ec66-4dbb-b264-6c6336156f92">
            <interface>
              <returnType>
                <derived name="itfAxisCommand" />
              </returnType>
              <inputVars>
                <variable name="Distance">
                  <type>
                    <REAL />
                  </type>
                </variable>
                <variable name="Velocity">
                  <type>
                    <REAL />
                  </type>
                </variable>
                <variable name="Acceleration">
                  <type>
                    <REAL />
                  </type>
                </variable>
                <variable name="Deceleration">
                  <type>
                    <REAL />
                  </type>
                </variable>
                <variable name="Jerk">
                  <type>
                    <REAL />
                  </type>
                </variable>
                <variable name="BufferMode">
                  <type>
                    <derived name="MC_BUFFER_MODE" />
                  </type>
                </variable>
              </inputVars>
            </interface>
            <addData />
          </Method>
          <Method name="MoveAdditive" ObjectId="c49aa34a-0d59-4d23-8b1d-d0d905a01f4e">
            <interface>
              <returnType>
                <derived name="itfAxisCommand" />
              </returnType>
              <inputVars>
                <variable name="Distance">
                  <type>
                    <REAL />
                  </type>
                </variable>
                <variable name="Velocity">
                  <type>
                    <REAL />
                  </type>
                </variable>
                <variable name="Acceleration">
                  <type>
                    <REAL />
                  </type>
                </variable>
                <variable name="Deceleration">
                  <type>
                    <REAL />
                  </type>
                </variable>
                <variable name="Jerk">
                  <type>
                    <REAL />
                  </type>
                </variable>
                <variable name="BufferMode">
                  <type>
                    <derived name="MC_BUFFER_MODE" />
                  </type>
                </variable>
              </inputVars>
            </interface>
            <addData />
          </Method>
          <Method name="MoveVelocity" ObjectId="feb77f62-ed18-4fff-b7b2-87c3c350266a">
            <interface>
              <returnType>
                <derived name="itfContinuousAxisCommand" />
              </returnType>
              <inputVars>
                <variable name="Velocity">
                  <type>
                    <REAL />
                  </type>
                </variable>
                <variable name="Acceleration">
                  <type>
                    <REAL />
                  </type>
                </variable>
                <variable name="Deceleration">
                  <type>
                    <REAL />
                  </type>
                </variable>
                <variable name="Jerk">
                  <type>
                    <REAL />
                  </type>
                </variable>
                <variable name="Direction">
                  <type>
                    <derived name="MC_Direction" />
                  </type>
                </variable>
                <variable name="BufferMode">
                  <type>
                    <derived name="MC_BUFFER_MODE" />
                  </type>
                </variable>
              </inputVars>
            </interface>
            <addData />
          </Method>
          <Method name="Stop" ObjectId="c5be2a61-7ba6-484b-b891-e682e95eaebd">
            <interface>
              <returnType>
                <derived name="itfAxisCommand" />
              </returnType>
              <inputVars>
                <variable name="Deceleration">
                  <type>
                    <REAL />
                  </type>
                </variable>
                <variable name="Jerk">
                  <type>
                    <REAL />
                  </type>
                </variable>
              </inputVars>
            </interface>
            <addData />
          </Method>
          <Method name="Reset" ObjectId="81b35488-8e56-4339-bc56-64299389c30d">
            <interface>
              <returnType>
                <derived name="itfCommand" />
              </returnType>
            </interface>
            <addData />
          </Method>
          <Method name="Power" ObjectId="b5cf8ac2-3d4f-49fe-bc0d-362a1bea1589">
            <interface>
              <returnType>
                <derived name="itfCommand" />
              </returnType>
              <inputVars>
                <variable name="Enable">
                  <type>
                    <BOOL />
                  </type>
                </variable>
                <variable name="EnablePositive">
                  <type>
                    <BOOL />
                  </type>
                </variable>
                <variable name="EnableNegative">
                  <type>
                    <BOOL />
                  </type>
                </variable>
              </inputVars>
            </interface>
            <addData />
          </Method>
          <Method name="ReadParameter" ObjectId="59197b4a-0715-45c9-a044-bc2959b0ffc4">
            <interface>
              <returnType>
                <derived name="MC_Error" />
              </returnType>
              <inputVars>
                <variable name="ParameterNumber">
                  <type>
                    <INT />
                  </type>
                </variable>
              </inputVars>
              <outputVars>
                <variable name="Value">
                  <type>
                    <REAL />
                  </type>
                </variable>
              </outputVars>
            </interface>
            <addData />
          </Method>
          <Method name="ReadBoolParameter" ObjectId="adcae421-5a42-41d1-b8f5-b3b9656740cc">
            <interface>
              <returnType>
                <derived name="MC_Error" />
              </returnType>
              <inputVars>
                <variable name="ParameterNumber">
                  <type>
                    <INT />
                  </type>
                </variable>
              </inputVars>
              <outputVars>
                <variable name="Value">
                  <type>
                    <BOOL />
                  </type>
                </variable>
              </outputVars>
            </interface>
            <addData />
          </Method>
          <Method name="WriteParameter" ObjectId="eb0e7105-f5aa-4044-b8aa-cfe443619703">
            <interface>
              <returnType>
                <derived name="MC_Error" />
              </returnType>
              <inputVars>
                <variable name="ParameterNumber">
                  <type>
                    <INT />
                  </type>
                </variable>
                <variable name="Value">
                  <type>
                    <REAL />
                  </type>
                </variable>
              </inputVars>
            </interface>
            <addData />
          </Method>
          <Method name="WriteBoolParameter" ObjectId="9a1bf3b9-0914-4f9e-a3b3-a7ca481b6f70">
            <interface>
              <returnType>
                <derived name="MC_Error" />
              </returnType>
              <inputVars>
                <variable name="ParameterNumber">
                  <type>
                    <INT />
                  </type>
                </variable>
                <variable name="Value">
                  <type>
                    <BOOL />
                  </type>
                </variable>
              </inputVars>
            </interface>
            <addData />
          </Method>
          <Method name="SetPosition" ObjectId="294d1800-499d-49d1-8320-6b80c079f7fb">
            <interface>
              <returnType>
                <derived name="itfCommand" />
              </returnType>
              <inputVars>
                <variable name="Position">
                  <type>
                    <REAL />
                  </type>
                </variable>
                <variable name="Relative">
                  <type>
                    <BOOL />
                  </type>
                </variable>
                <variable name="ExecutionMode">
                  <type>
                    <derived name="MC_ExecutionMode" />
                  </type>
                </variable>
              </inputVars>
            </interface>
            <addData />
          </Method>
          <Method name="SetOverride" ObjectId="da120f13-3586-48a3-93c6-5ea7cf11ba58">
            <interface>
              <returnType>
                <derived name="MC_Error" />
              </returnType>
              <inputVars>
                <variable name="VelFactor">
                  <type>
                    <REAL />
                  </type>
                </variable>
                <variable name="AccFactor">
                  <type>
                    <REAL />
                  </type>
                </variable>
                <variable name="JerkFactor">
                  <type>
                    <REAL />
                  </type>
                </variable>
              </inputVars>
            </interface>
            <addData />
          </Method>
          <Method name="GearIn" ObjectId="7957bb5b-8cf5-45e2-8859-d88e1b431799">
            <interface>
              <returnType>
                <derived name="itfSynchronizedAxisCommand" />
              </returnType>
              <inputVars>
                <variable name="Master">
                  <type>
                    <derived name="itfAxis" />
                  </type>
                </variable>
                <variable name="Ratio">
                  <type>
                    <REAL />
                  </type>
                </variable>
                <variable name="MasterValueSource">
                  <type>
                    <INT />
                  </type>
                </variable>
                <variable name="Acceleration">
                  <type>
                    <REAL />
                  </type>
                </variable>
                <variable name="Deceleration">
                  <type>
                    <REAL />
                  </type>
                </variable>
                <variable name="Jerk">
                  <type>
                    <REAL />
                  </type>
                </variable>
                <variable name="BufferMode">
                  <type>
                    <derived name="MC_BUFFER_MODE" />
                  </type>
                </variable>
              </inputVars>
            </interface>
            <addData />
          </Method>
          <Method name="Release" ObjectId="02f80fd3-3ccb-4e03-9722-f7f49b73a221">
            <interface>
              <returnType>
                <derived name="MC_Error" />
              </returnType>
            </interface>
            <addData />
          </Method>
          <Method name="CamIn" ObjectId="fb5830f9-926d-4f2b-b592-3a44942149a4">
            <interface>
              <returnType>
                <derived name="itfSynchronizedAxisCommand" />
              </returnType>
              <inputVars>
                <variable name="Master">
                  <type>
                    <derived name="itfAxis" />
                  </type>
                </variable>
                <variable name="MasterOffset">
                  <type>
                    <REAL />
                  </type>
                </variable>
                <variable name="SlaveOffset">
                  <type>
                    <REAL />
                  </type>
                </variable>
                <variable name="MasterScaling">
                  <type>
                    <REAL />
                  </type>
                </variable>
                <variable name="SlaveScaling">
                  <type>
                    <REAL />
                  </type>
                </variable>
                <variable name="MasterStartDistance">
                  <type>
                    <REAL />
                  </type>
                </variable>
                <variable name="MasterSyncPosition">
                  <type>
                    <REAL />
                  </type>
                </variable>
                <variable name="StartMode">
                  <type>
                    <derived name="MC_StartMode" />
                  </type>
                </variable>
                <variable name="MasterValueSource">
                  <type>
                    <derived name="MC_Source" />
                  </type>
                </variable>
                <variable name="CamTable">
                  <type>
                    <derived name="itfCamTable" />
                  </type>
                </variable>
                <variable name="BufferMode">
                  <type>
                    <derived name="MC_BUFFER_MODE" />
                  </type>
                </variable>
              </inputVars>
            </interface>
            <addData />
          </Method>
          <Method name="HaltSuperimposed" ObjectId="18850a6f-7dc6-47cd-9b7d-04be1e3d06fd">
            <interface>
              <returnType>
                <derived name="itfAxisCommand" />
              </returnType>
              <inputVars>
                <variable name="Deceleration">
                  <type>
                    <REAL />
                  </type>
                </variable>
                <variable name="Jerk">
                  <type>
                    <REAL />
                  </type>
                </variable>
              </inputVars>
            </interface>
            <addData />
          </Method>
          <Method name="MoveContinuousAbsolute" ObjectId="4fc22b98-1cde-4451-97c1-d426aaad317d">
            <interface>
              <returnType>
                <derived name="itfContinuousAxisCommand" />
              </returnType>
              <inputVars>
                <variable name="Position">
                  <type>
                    <REAL />
                  </type>
                </variable>
                <variable name="EndVelocity">
                  <type>
                    <REAL />
                  </type>
                </variable>
                <variable name="Velocity">
                  <type>
                    <REAL />
                  </type>
                </variable>
                <variable name="Acceleration">
                  <type>
                    <REAL />
                  </type>
                </variable>
                <variable name="Deceleration">
                  <type>
                    <REAL />
                  </type>
                </variable>
                <variable name="Jerk">
                  <type>
                    <REAL />
                  </type>
                </variable>
                <variable name="Direction">
                  <type>
                    <derived name="MC_DIRECTION" />
                  </type>
                </variable>
                <variable name="BufferMode">
                  <type>
                    <derived name="MC_BUFFER_MODE" />
                  </type>
                </variable>
              </inputVars>
            </interface>
            <addData />
          </Method>
          <Method name="MoveContinuousRelative" ObjectId="e20e22bc-a720-437b-bc7f-4c0d03b64bac">
            <interface>
              <returnType>
                <derived name="itfContinuousAxisCommand" />
              </returnType>
              <inputVars>
                <variable name="Distance">
                  <type>
                    <REAL />
                  </type>
                </variable>
                <variable name="EndVelocity">
                  <type>
                    <REAL />
                  </type>
                </variable>
                <variable name="Velocity">
                  <type>
                    <REAL />
                  </type>
                </variable>
                <variable name="Acceleration">
                  <type>
                    <REAL />
                  </type>
                </variable>
                <variable name="Deceleration">
                  <type>
                    <REAL />
                  </type>
                </variable>
                <variable name="Jerk">
                  <type>
                    <REAL />
                  </type>
                </variable>
                <variable name="Direction">
                  <type>
                    <derived name="MC_DIRECTION" />
                  </type>
                </variable>
                <variable name="BufferMode">
                  <type>
                    <derived name="MC_BUFFER_MODE" />
                  </type>
                </variable>
              </inputVars>
            </interface>
            <addData />
          </Method>
          <Method name="TorqueControl" ObjectId="20857bd8-dc62-40af-b3be-447b09bb1cf5">
            <interface>
              <returnType>
                <derived name="itfAxisCommand" />
              </returnType>
              <inputVars>
                <variable name="Torque">
                  <type>
                    <REAL />
                  </type>
                </variable>
                <variable name="TorqueRamp">
                  <type>
                    <REAL />
                  </type>
                </variable>
                <variable name="Velocity">
                  <type>
                    <REAL />
                  </type>
                </variable>
                <variable name="Acceleration">
                  <type>
                    <REAL />
                  </type>
                </variable>
                <variable name="Deceleration">
                  <type>
                    <REAL />
                  </type>
                </variable>
                <variable name="Jerk">
                  <type>
                    <REAL />
                  </type>
                </variable>
                <variable name="Direction">
                  <type>
                    <derived name="MC_DIRECTION" />
                  </type>
                </variable>
                <variable name="BufferMode">
                  <type>
                    <derived name="MC_BUFFER_MODE" />
                  </type>
                </variable>
              </inputVars>
            </interface>
            <addData />
          </Method>
          <Method name="PositionProfile" ObjectId="84fbde0d-3a4b-4ccd-bbc5-459c562b2577">
            <interface>
              <returnType>
                <derived name="itfCommand" />
              </returnType>
              <inputVars>
                <variable name="TimeScale">
                  <type>
                    <REAL />
                  </type>
                </variable>
                <variable name="PositionScale">
                  <type>
                    <REAL />
                  </type>
                </variable>
                <variable name="Offset">
                  <type>
                    <REAL />
                  </type>
                </variable>
                <variable name="BufferMode">
                  <type>
                    <derived name="MC_BUFFER_MODE" />
                  </type>
                </variable>
              </inputVars>
            </interface>
            <addData />
          </Method>
          <Method name="VelocityProfile" ObjectId="d3106a0a-e34a-447b-a70b-729aaff8f1f0">
            <interface>
              <returnType>
                <derived name="itfCommand" />
              </returnType>
              <inputVars>
                <variable name="TimeScale">
                  <type>
                    <REAL />
                  </type>
                </variable>
                <variable name="VelocityScale">
                  <type>
                    <REAL />
                  </type>
                </variable>
                <variable name="Offset">
                  <type>
                    <REAL />
                  </type>
                </variable>
                <variable name="BufferMode">
                  <type>
                    <derived name="MC_BUFFER_MODE" />
                  </type>
                </variable>
              </inputVars>
            </interface>
            <addData />
          </Method>
          <Method name="AccelerationProfile" ObjectId="2970c941-d18d-474a-bcbe-03073f8995e3">
            <interface>
              <returnType>
                <derived name="itfCommand" />
              </returnType>
              <inputVars>
                <variable name="TimeScale">
                  <type>
                    <REAL />
                  </type>
                </variable>
                <variable name="AccelerationScale">
                  <type>
                    <REAL />
                  </type>
                </variable>
                <variable name="Offset">
                  <type>
                    <REAL />
                  </type>
                </variable>
                <variable name="BufferMode">
                  <type>
                    <derived name="MC_BUFFER_MODE" />
                  </type>
                </variable>
              </inputVars>
            </interface>
            <addData />
          </Method>
          <Method name="GearInPos" ObjectId="8e0c5edc-ad95-486b-87c2-74b0e3177a9a">
            <interface>
              <returnType>
                <derived name="itfSynchronizedAxisCommand" />
              </returnType>
              <inputVars>
                <variable name="Master">
                  <type>
                    <derived name="itfAxis" />
                  </type>
                </variable>
                <variable name="RatioNumerator">
                  <type>
                    <REAL />
                  </type>
                </variable>
                <variable name="RatioDenominator">
                  <type>
                    <REAL />
                  </type>
                </variable>
                <variable name="MasterValueSource">
                  <type>
                    <derived name="MC_SOURCE" />
                  </type>
                </variable>
                <variable name="MasterSyncPosition">
                  <type>
                    <REAL />
                  </type>
                </variable>
                <variable name="SlaveSyncPosition">
                  <type>
                    <REAL />
                  </type>
                </variable>
                <variable name="SyncMode">
                  <type>
                    <derived name="MC_SYNC_MODE" />
                  </type>
                </variable>
                <variable name="MasterStartDistance">
                  <type>
                    <REAL />
                  </type>
                </variable>
                <variable name="Velocity">
                  <type>
                    <REAL />
                  </type>
                </variable>
                <variable name="Acceleration">
                  <type>
                    <REAL />
                  </type>
                </variable>
                <variable name="Deceleration">
                  <type>
                    <REAL />
                  </type>
                </variable>
                <variable name="Jerk">
                  <type>
                    <REAL />
                  </type>
                </variable>
                <variable name="BufferMode">
                  <type>
                    <derived name="MC_BUFFER_MODE" />
                  </type>
                </variable>
              </inputVars>
            </interface>
            <addData />
          </Method>
          <Method name="PhasingAbsolute" ObjectId="c46eedbf-d9a0-4b03-a9a7-276346777bb1">
            <interface>
              <returnType>
                <derived name="itfSynchronizedAxisCommand" />
              </returnType>
              <inputVars>
                <variable name="Master">
                  <type>
                    <derived name="itfAxis" />
                  </type>
                </variable>
                <variable name="PhaseShift">
                  <type>
                    <REAL />
                  </type>
                </variable>
                <variable name="Velocity">
                  <type>
                    <REAL />
                  </type>
                </variable>
                <variable name="Acceleration">
                  <type>
                    <REAL />
                  </type>
                </variable>
                <variable name="Deceleration">
                  <type>
                    <REAL />
                  </type>
                </variable>
                <variable name="Jerk">
                  <type>
                    <REAL />
                  </type>
                </variable>
                <variable name="BufferMode">
                  <type>
                    <derived name="MC_BUFFER_MODE" />
                  </type>
                </variable>
              </inputVars>
            </interface>
            <addData />
          </Method>
          <Method name="PhasingRelative" ObjectId="829cf39a-902b-469e-a978-6f13deca6f84">
            <interface>
              <returnType>
                <derived name="itfSynchronizedAxisCommand" />
              </returnType>
              <inputVars>
                <variable name="Master">
                  <type>
                    <derived name="itfAxis" />
                  </type>
                </variable>
                <variable name="PhaseShift">
                  <type>
                    <REAL />
                  </type>
                </variable>
                <variable name="Velocity">
                  <type>
                    <REAL />
                  </type>
                </variable>
                <variable name="Acceleration">
                  <type>
                    <REAL />
                  </type>
                </variable>
                <variable name="Deceleration">
                  <type>
                    <REAL />
                  </type>
                </variable>
                <variable name="Jerk">
                  <type>
                    <REAL />
                  </type>
                </variable>
                <variable name="BufferMode">
                  <type>
                    <derived name="MC_BUFFER_MODE" />
                  </type>
                </variable>
              </inputVars>
            </interface>
            <addData />
          </Method>
          <Method name="CombineAxes" ObjectId="a46c5591-e08b-4e27-9419-847ba3341c0b">
            <interface>
              <returnType>
                <derived name="itfSynchronizedAxisCommand" />
              </returnType>
              <inputVars>
                <variable name="Master1">
                  <type>
                    <derived name="itfAxis" />
                  </type>
                </variable>
                <variable name="Master2">
                  <type>
                    <derived name="itfAxis" />
                  </type>
                </variable>
                <variable name="CombineMode">
                  <type>
                    <derived name="MC_COMBINE_MODE" />
                  </type>
                </variable>
                <variable name="GearRatioNumeratorM1">
                  <type>
                    <INT />
                  </type>
                </variable>
                <variable name="GearRatioDenominatorM1">
                  <type>
                    <INT />
                  </type>
                </variable>
                <variable name="GearRatioNumeratorM2">
                  <type>
                    <INT />
                  </type>
                </variable>
                <variable name="GearRatioDenominatorM2">
                  <type>
                    <INT />
                  </type>
                </variable>
                <variable name="MasterValueSourceM1">
                  <type>
                    <derived name="MC_SOURCE" />
                  </type>
                </variable>
                <variable name="MasterValueSourceM2">
                  <type>
                    <derived name="MC_SOURCE" />
                  </type>
                </variable>
                <variable name="BufferMode">
                  <type>
                    <derived name="MC_BUFFER_MODE" />
                  </type>
                </variable>
              </inputVars>
            </interface>
            <addData />
          </Method>
        </Methods>
        <Properties>
          <Property name="HomeAbsSwitch" ObjectId="c50a0491-093e-47f4-bfa2-f798a0639376">
            <interface>
              <returnType>
                <BOOL />
              </returnType>
            </interface>
            <GetAccessor />
            <addData />
          </Property>
          <Property name="LimitSwitchPositive" ObjectId="f6fe346b-04e8-4e9c-9df7-452773363f7b">
            <interface>
              <returnType>
                <BOOL />
              </returnType>
            </interface>
            <GetAccessor />
            <addData />
          </Property>
          <Property name="LimitSwitchNegative" ObjectId="a5b8d59b-a93a-497c-96c1-0638e9ca005b">
            <interface>
              <returnType>
                <BOOL />
              </returnType>
            </interface>
            <GetAccessor />
            <addData />
          </Property>
          <Property name="Simulation" ObjectId="1b1b7ea0-f12f-496d-82cc-129dbe6fa7bb">
            <interface>
              <returnType>
                <BOOL />
              </returnType>
            </interface>
            <GetAccessor />
            <addData />
          </Property>
          <Property name="CommunicationReady" ObjectId="bd3b53a5-f405-43d3-9c21-ad0ee6fb1be6">
            <interface>
              <returnType>
                <BOOL />
              </returnType>
            </interface>
            <GetAccessor />
            <addData />
          </Property>
          <Property name="ReadyForPowerOn" ObjectId="27695c20-1a85-4575-ab7b-a04ce5230d4e">
            <interface>
              <returnType>
                <BOOL />
              </returnType>
            </interface>
            <GetAccessor />
            <addData />
          </Property>
          <Property name="PowerOn" ObjectId="510305ef-aa78-4702-b382-401edd1b0f4e">
            <interface>
              <returnType>
                <BOOL />
              </returnType>
            </interface>
            <GetAccessor />
            <addData />
          </Property>
          <Property name="IsHomed" ObjectId="0c2fdd33-4ca1-42a1-8aca-c1d394347837">
            <interface>
              <returnType>
                <BOOL />
              </returnType>
            </interface>
            <GetAccessor />
            <addData />
          </Property>
          <Property name="AxisWarning" ObjectId="61b65c39-90f8-4a18-b36c-4d38038efa1f">
            <interface>
              <returnType>
                <BOOL />
              </returnType>
            </interface>
            <GetAccessor />
            <addData />
          </Property>
          <Property name="ErrorId" ObjectId="2270ce22-03f2-4446-9c5f-bf38b5d56741">
            <interface>
              <returnType>
                <WORD />
              </returnType>
            </interface>
            <GetAccessor />
            <addData />
          </Property>
          <Property name="Status" ObjectId="a3a7b1b5-aeef-4c69-8cc3-a1709fea9192">
            <interface>
              <returnType>
                <derived name="AXIS_STATUS" />
              </returnType>
            </interface>
            <GetAccessor />
            <addData />
          </Property>
          <Property name="MotionStatus" ObjectId="a9091927-92b6-4dbf-9531-8c9ce5294a1b">
            <interface>
              <returnType>
                <derived name="MOTION_STATUS" />
              </returnType>
            </interface>
            <GetAccessor />
            <addData />
          </Property>
          <Property name="Direction" ObjectId="35f4b504-8774-4e74-9182-2d2195ff7854">
            <interface>
              <returnType>
                <derived name="AXIS_DIRECTION" />
              </returnType>
            </interface>
            <GetAccessor />
            <addData />
          </Property>
          <Property name="ActualPosition" ObjectId="feaf34a0-f9ab-4254-8e0c-43b093fbf2f8">
            <interface>
              <returnType>
                <REAL />
              </returnType>
            </interface>
            <GetAccessor />
            <addData />
          </Property>
          <Property name="ActualVelocity" ObjectId="9b6118c8-8c99-49bf-80a8-50b44c57be65">
            <interface>
              <returnType>
                <REAL />
              </returnType>
            </interface>
            <GetAccessor />
            <addData />
          </Property>
          <Property name="ActualTorque" ObjectId="83baa203-f55b-4d25-8ff7-67681db7aeb8">
            <interface>
              <returnType>
                <REAL />
              </returnType>
            </interface>
            <GetAccessor />
            <addData />
          </Property>
        </Properties>
        <addData />
      </Interface>
    </data>
    <data name="http://www.3s-software.com/plcopenxml/interface" handleUnknown="implementation">
      <Interface name="itfAxisCommand" ObjectId="bfca13e7-409d-4156-8fc6-fcd16d016e02">
        <Methods>
          <Method name="Update" ObjectId="22743afd-e290-4db2-9fd2-008534041ac5">
            <interface>
              <returnType>
                <derived name="MC_Error" />
              </returnType>
              <inputVars>
                <variable name="Position">
                  <type>
                    <REAL />
                  </type>
                </variable>
                <variable name="Velocity">
                  <type>
                    <REAL />
                  </type>
                </variable>
                <variable name="EndVelocity">
                  <type>
                    <REAL />
                  </type>
                </variable>
                <variable name="Acceleration">
                  <type>
                    <REAL />
                  </type>
                </variable>
                <variable name="Deceleration">
                  <type>
                    <REAL />
                  </type>
                </variable>
                <variable name="Jerk">
                  <type>
                    <REAL />
                  </type>
                </variable>
              </inputVars>
            </interface>
            <addData />
          </Method>
        </Methods>
        <Inheritance>
          <Extends>itfCommand</Extends>
        </Inheritance>
        <addData />
      </Interface>
    </data>
    <data name="http://www.3s-software.com/plcopenxml/interface" handleUnknown="implementation">
      <Interface name="itfCamTable" ObjectId="5b2e090d-158e-4596-b7bd-da20adc9471e">
        <Methods>
          <Method name="Select" ObjectId="f148b2bd-0a00-4d06-96b8-755cf1dfc00d">
            <interface>
              <returnType>
                <derived name="itfCommand" />
              </returnType>
              <inputVars>
                <variable name="Periodic">
                  <type>
                    <BOOL />
                  </type>
                </variable>
                <variable name="MasterAbsolute">
                  <type>
                    <BOOL />
                  </type>
                </variable>
                <variable name="SlaveAbsolute">
                  <type>
                    <BOOL />
                  </type>
                </variable>
                <variable name="CamTable">
                  <type>
                    <derived name="MC_CAM_REF" />
                  </type>
                </variable>
              </inputVars>
            </interface>
            <addData />
          </Method>
        </Methods>
        <addData />
      </Interface>
    </data>
    <data name="http://www.3s-software.com/plcopenxml/interface" handleUnknown="implementation">
      <Interface name="itfCommand" ObjectId="808308aa-5be1-474f-9cd7-f693a8f9904a">
        <Methods>
          <Method name="Abort" ObjectId="8b5e35ac-b5b0-4aa3-ac23-dd574710cbdb">
            <interface>
              <returnType>
                <derived name="MC_Error" />
              </returnType>
            </interface>
            <addData />
          </Method>
          <Method name="Wait" ObjectId="14133628-3c21-4d21-a48c-496a1b395288">
            <interface>
              <returnType>
                <derived name="MC_Error" />
              </returnType>
              <inputVars>
                <variable name="Timeout">
                  <type>
                    <TIME />
                  </type>
                </variable>
                <variable name="AbortOnTimeout">
                  <type>
                    <BOOL />
                  </type>
                </variable>
              </inputVars>
            </interface>
            <addData />
          </Method>
        </Methods>
        <Properties>
          <Property name="Command" ObjectId="75a96964-1bda-4b50-a0bc-30c1d7adea11">
            <interface>
              <returnType>
                <derived name="MC_COMMAND_REF" />
              </returnType>
            </interface>
            <GetAccessor />
            <addData />
          </Property>
          <Property name="Done" ObjectId="d40ac11d-8d91-4f20-b524-e82b3a89ff64">
            <interface>
              <returnType>
                <BOOL />
              </returnType>
            </interface>
            <GetAccessor />
            <addData />
          </Property>
          <Property name="Busy" ObjectId="219c6516-004b-45fc-b650-7ed67eb9c5f4">
            <interface>
              <returnType>
                <BOOL />
              </returnType>
            </interface>
            <GetAccessor />
            <addData />
          </Property>
          <Property name="Active" ObjectId="ee573e9a-5ea0-49eb-8a77-58c3db89cb06">
            <interface>
              <returnType>
                <BOOL />
              </returnType>
            </interface>
            <GetAccessor />
            <addData />
          </Property>
          <Property name="CommandAborted" ObjectId="1228aed1-e6c8-4a0c-83a8-614a39b5cd17">
            <interface>
              <returnType>
                <BOOL />
              </returnType>
            </interface>
            <GetAccessor />
            <addData />
          </Property>
          <Property name="Error" ObjectId="3c0e0fa2-bc73-41b1-b093-306901cd5baf">
            <interface>
              <returnType>
                <BOOL />
              </returnType>
            </interface>
            <GetAccessor />
            <addData />
          </Property>
          <Property name="ErrorId" ObjectId="fef3784f-c132-4b1e-9f11-d65718464c45">
            <interface>
              <returnType>
                <derived name="MC_Error" />
              </returnType>
            </interface>
            <GetAccessor />
            <addData />
          </Property>
        </Properties>
        <addData />
      </Interface>
    </data>
    <data name="http://www.3s-software.com/plcopenxml/interface" handleUnknown="implementation">
      <Interface name="itfContinuousAxisCommand" ObjectId="ed80e5f9-1a54-4162-a423-2e4167043dfc">
        <Properties>
          <Property name="InVelocity" ObjectId="5e557f79-574b-4480-8944-62a81be74691">
            <interface>
              <returnType>
                <BOOL />
              </returnType>
            </interface>
            <GetAccessor />
            <addData />
          </Property>
        </Properties>
        <Inheritance>
          <Extends>itfAxisCommand</Extends>
        </Inheritance>
        <addData />
      </Interface>
    </data>
    <data name="http://www.3s-software.com/plcopenxml/interface" handleUnknown="implementation">
      <Interface name="itfSynchronizedAxisCommand" ObjectId="7dd525ce-dac1-4f6e-b84f-2915c80ad024">
        <Properties>
          <Property name="InSync" ObjectId="1bd36755-586b-457f-9cff-65d3df788b01">
            <interface>
              <returnType>
                <BOOL />
              </returnType>
            </interface>
            <GetAccessor />
            <addData />
          </Property>
        </Properties>
        <Inheritance>
          <Extends>itfAxisCommand</Extends>
        </Inheritance>
        <addData />
      </Interface>
    </data>
    <data name="http://www.3s-software.com/plcopenxml/projectstructure" handleUnknown="discard">
      <ProjectStructure>
        <Object Name="CamGearExample" ObjectId="2e088407-9003-4488-adbd-6894b7c9d96d" />
        <Object Name="LabelingExample" ObjectId="27201e5b-e415-402a-9af7-babb81bde0ad" />
        <Folder Name="Part1Definition">
          <Folder Name="Enums">
            <Object Name="MC_Error" ObjectId="f13851e4-c15c-4448-a3cc-5ae43fe11b73" />
            <Object Name="AXIS_STATUS" ObjectId="49fa1d5e-a2a4-4ae7-aa5b-b6affe5a3b60" />
            <Object Name="MOTION_STATUS" ObjectId="d0691f08-49ad-48b3-80f9-43631fa4594b" />
            <Object Name="AXIS_DIRECTION" ObjectId="1651d020-cb9b-412f-bbbc-1fc04036f18d" />
            <Object Name="MC_BUFFER_MODE" ObjectId="3ed947d8-b908-4b41-a79d-f94b16833959" />
            <Object Name="MC_Direction" ObjectId="061b8da4-d606-4aed-8a16-82b8c0a1b63a" />
            <Object Name="MC_ExecutionMode" ObjectId="1a4da23f-a449-494b-9033-d06fa4cc943a" />
            <Object Name="MC_StartMode" ObjectId="ed149f0d-703b-4c9e-a97b-29c6ab639eb6" />
            <Object Name="MC_Source" ObjectId="329c17af-c296-4e90-8a40-ad0b5c103629" />
            <Object Name="MC_SYNC_MODE" ObjectId="7437c518-137b-4a8f-9065-0ed0d228dcb8" />
            <Object Name="MC_COMBINE_MODE" ObjectId="5b848e59-e6d7-42ab-a8a4-c6de805ca85e" />
          </Folder>
          <Folder Name="GlobalConstants">
            <Object Name="Constants" ObjectId="61a71296-3b39-4b4c-9e67-cea520fcd5cc" />
          </Folder>
          <Folder Name="Interfaces">
            <Object Name="itfContinuousAxisCommand" ObjectId="ed80e5f9-1a54-4162-a423-2e4167043dfc">
              <Object Name="InVelocity" ObjectId="5e557f79-574b-4480-8944-62a81be74691" />
            </Object>
            <Object Name="itfAxis" ObjectId="f8abe375-1eb3-48c5-97fd-edf70462f36e">
              <Folder Name="Status">
                <Object Name="HomeAbsSwitch" ObjectId="c50a0491-093e-47f4-bfa2-f798a0639376" />
                <Object Name="LimitSwitchPositive" ObjectId="f6fe346b-04e8-4e9c-9df7-452773363f7b" />
                <Object Name="LimitSwitchNegative" ObjectId="a5b8d59b-a93a-497c-96c1-0638e9ca005b" />
                <Object Name="Simulation" ObjectId="1b1b7ea0-f12f-496d-82cc-129dbe6fa7bb" />
                <Object Name="CommunicationReady" ObjectId="bd3b53a5-f405-43d3-9c21-ad0ee6fb1be6" />
                <Object Name="ReadyForPowerOn" ObjectId="27695c20-1a85-4575-ab7b-a04ce5230d4e" />
                <Object Name="PowerOn" ObjectId="510305ef-aa78-4702-b382-401edd1b0f4e" />
                <Object Name="IsHomed" ObjectId="0c2fdd33-4ca1-42a1-8aca-c1d394347837" />
                <Object Name="AxisWarning" ObjectId="61b65c39-90f8-4a18-b36c-4d38038efa1f" />
                <Object Name="ErrorId" ObjectId="2270ce22-03f2-4446-9c5f-bf38b5d56741" />
                <Object Name="Status" ObjectId="a3a7b1b5-aeef-4c69-8cc3-a1709fea9192" />
                <Object Name="MotionStatus" ObjectId="a9091927-92b6-4dbf-9531-8c9ce5294a1b" />
                <Object Name="Direction" ObjectId="35f4b504-8774-4e74-9182-2d2195ff7854" />
              </Folder>
              <Folder Name="ActualValues">
                <Object Name="ActualPosition" ObjectId="feaf34a0-f9ab-4254-8e0c-43b093fbf2f8" />
                <Object Name="ActualVelocity" ObjectId="9b6118c8-8c99-49bf-80a8-50b44c57be65" />
                <Object Name="ActualTorque" ObjectId="83baa203-f55b-4d25-8ff7-67681db7aeb8" />
              </Folder>
              <Folder Name="SingleAxisMotion">
                <Object Name="Halt" ObjectId="4122e86a-a22f-4230-9dad-5cf338a42727" />
                <Object Name="Home" ObjectId="3e93f580-47f7-4edc-a4f2-810feedab814" />
                <Object Name="MoveAbsolute" ObjectId="b8bd5fb2-2c17-42d4-8485-7926fc8c8249" />
                <Object Name="MoveSuperimposed" ObjectId="09ec12cb-2f0c-48aa-b4b5-a9eb957066b9" />
                <Object Name="MoveRelative" ObjectId="d2db81da-ec66-4dbb-b264-6c6336156f92" />
                <Object Name="MoveAdditive" ObjectId="c49aa34a-0d59-4d23-8b1d-d0d905a01f4e" />
                <Object Name="MoveVelocity" ObjectId="feb77f62-ed18-4fff-b7b2-87c3c350266a" />
                <Object Name="Stop" ObjectId="c5be2a61-7ba6-484b-b891-e682e95eaebd" />
                <Object Name="HaltSuperimposed" ObjectId="18850a6f-7dc6-47cd-9b7d-04be1e3d06fd" />
                <Object Name="MoveContinuousAbsolute" ObjectId="4fc22b98-1cde-4451-97c1-d426aaad317d" />
                <Object Name="MoveContinuousRelative" ObjectId="e20e22bc-a720-437b-bc7f-4c0d03b64bac" />
                <Object Name="TorqueControl" ObjectId="20857bd8-dc62-40af-b3be-447b09bb1cf5" />
                <Object Name="PositionProfile" ObjectId="84fbde0d-3a4b-4ccd-bbc5-459c562b2577" />
                <Object Name="VelocityProfile" ObjectId="d3106a0a-e34a-447b-a70b-729aaff8f1f0" />
                <Object Name="AccelerationProfile" ObjectId="2970c941-d18d-474a-bcbe-03073f8995e3" />
              </Folder>
              <Folder Name="MultiAxesMotion">
                <Object Name="GearIn" ObjectId="7957bb5b-8cf5-45e2-8859-d88e1b431799" />
                <Object Name="CamIn" ObjectId="fb5830f9-926d-4f2b-b592-3a44942149a4" />
                <Object Name="GearInPos" ObjectId="8e0c5edc-ad95-486b-87c2-74b0e3177a9a" />
                <Object Name="PhasingAbsolute" ObjectId="c46eedbf-d9a0-4b03-a9a7-276346777bb1" />
                <Object Name="PhasingRelative" ObjectId="829cf39a-902b-469e-a978-6f13deca6f84" />
                <Object Name="CombineAxes" ObjectId="a46c5591-e08b-4e27-9419-847ba3341c0b" />
              </Folder>
              <Folder Name="Control">
                <Object Name="Reset" ObjectId="81b35488-8e56-4339-bc56-64299389c30d" />
                <Object Name="Power" ObjectId="b5cf8ac2-3d4f-49fe-bc0d-362a1bea1589" />
                <Object Name="ReadParameter" ObjectId="59197b4a-0715-45c9-a044-bc2959b0ffc4" />
                <Object Name="ReadBoolParameter" ObjectId="adcae421-5a42-41d1-b8f5-b3b9656740cc" />
                <Object Name="WriteParameter" ObjectId="eb0e7105-f5aa-4044-b8aa-cfe443619703" />
                <Object Name="WriteBoolParameter" ObjectId="9a1bf3b9-0914-4f9e-a3b3-a7ca481b6f70" />
                <Object Name="SetPosition" ObjectId="294d1800-499d-49d1-8320-6b80c079f7fb" />
                <Object Name="SetOverride" ObjectId="da120f13-3586-48a3-93c6-5ea7cf11ba58" />
                <Object Name="Release" ObjectId="02f80fd3-3ccb-4e03-9722-f7f49b73a221" />
              </Folder>
            </Object>
            <Object Name="itfCommand" ObjectId="808308aa-5be1-474f-9cd7-f693a8f9904a">
              <Object Name="Abort" ObjectId="8b5e35ac-b5b0-4aa3-ac23-dd574710cbdb" />
              <Object Name="Wait" ObjectId="14133628-3c21-4d21-a48c-496a1b395288" />
              <Object Name="Command" ObjectId="75a96964-1bda-4b50-a0bc-30c1d7adea11" />
              <Object Name="Done" ObjectId="d40ac11d-8d91-4f20-b524-e82b3a89ff64" />
              <Object Name="Busy" ObjectId="219c6516-004b-45fc-b650-7ed67eb9c5f4" />
              <Object Name="Active" ObjectId="ee573e9a-5ea0-49eb-8a77-58c3db89cb06" />
              <Object Name="CommandAborted" ObjectId="1228aed1-e6c8-4a0c-83a8-614a39b5cd17" />
              <Object Name="Error" ObjectId="3c0e0fa2-bc73-41b1-b093-306901cd5baf" />
              <Object Name="ErrorId" ObjectId="fef3784f-c132-4b1e-9f11-d65718464c45" />
            </Object>
            <Object Name="itfAxisCommand" ObjectId="bfca13e7-409d-4156-8fc6-fcd16d016e02">
              <Object Name="Update" ObjectId="22743afd-e290-4db2-9fd2-008534041ac5" />
            </Object>
            <Object Name="itfCamTable" ObjectId="5b2e090d-158e-4596-b7bd-da20adc9471e">
              <Object Name="Select" ObjectId="f148b2bd-0a00-4d06-96b8-755cf1dfc00d" />
            </Object>
            <Object Name="itfSynchronizedAxisCommand" ObjectId="7dd525ce-dac1-4f6e-b84f-2915c80ad024">
              <Object Name="InSync" ObjectId="1bd36755-586b-457f-9cff-65d3df788b01" />
            </Object>
          </Folder>
          <Folder Name="Structs">
            <Object Name="MC_COMMAND_REF" ObjectId="e9f505d9-c431-4cec-bc71-df5ca88a0cc0" />
            <Object Name="MC_CAM_REF" ObjectId="be0dc9a0-5c05-4434-bb8d-dbd68e448de4" />
          </Folder>
        </Folder>
        <Object Name="WarehousingExample" ObjectId="b0cc3f8e-ac5b-44a5-8e6f-4da6b91dde02" />
      </ProjectStructure>
    </data>
  </addData>
</project>